{
  "generatedAt": "2025-10-01T21:48:07.239Z",
  "samples": 7,
  "bands": {
    "apple": {
      "l1": {
        "min": 0.9267324944358047,
        "median": 1.011680143307174,
        "max": 1.1111285111559122,
        "support": 5
      },
      "deep": {
        "min": 1.5711378273580183,
        "median": 1.6533166456242627,
        "max": 1.7366222829569373,
        "support": 5
      },
      "overall": {
        "min": 0.9267324944358047,
        "median": 1.011680143307174,
        "max": 1.1111285111559122,
        "support": 5
      }
    },
    "intel": {
      "l1": null,
      "deep": null,
      "overall": null
    },
    "amd": {
      "l1": {
        "min": 5.684184795691996,
        "median": 5.764184795691996,
        "max": 5.844184795691996,
        "support": 1
      },
      "deep": {
        "min": 5.845133694254226,
        "median": 5.925133694254226,
        "max": 6.005133694254226,
        "support": 1
      },
      "overall": {
        "min": 5.684184795691996,
        "median": 5.764184795691996,
        "max": 5.844184795691996,
        "support": 1
      }
    },
    "nvidia": {
      "l1": null,
      "deep": null,
      "overall": null
    },
    "other": {
      "l1": {
        "min": 3.7137500037693902,
        "median": 3.7937500037693903,
        "max": 3.8737500037693904,
        "support": 1
      },
      "deep": {
        "min": 3.7785365807137836,
        "median": 3.8585365807137837,
        "max": 3.9385365807137838,
        "support": 1
      },
      "overall": {
        "min": 3.7137500037693902,
        "median": 3.7937500037693903,
        "max": 3.8737500037693904,
        "support": 1
      }
    }
  }
}