{
  "generatedAt": "2025-09-30T07:29:22.652Z",
  "samples": 5,
  "bands": {
    "apple": {
      "l1": {
        "min": 0.9267324944358047,
        "median": 1.011680143307174,
        "max": 1.1111285111559122,
        "support": 5
      },
      "deep": {
        "min": 1.5711378273580183,
        "median": 1.6533166456242627,
        "max": 1.7366222829569373,
        "support": 5
      },
      "overall": {
        "min": 0.9267324944358047,
        "median": 1.011680143307174,
        "max": 1.1111285111559122,
        "support": 5
      }
    },
    "intel": {
      "l1": null,
      "deep": null,
      "overall": null
    },
    "amd": {
      "l1": null,
      "deep": null,
      "overall": null
    },
    "nvidia": {
      "l1": null,
      "deep": null,
      "overall": null
    },
    "other": {
      "l1": null,
      "deep": null,
      "overall": null
    }
  }
}